event_id,mediacloud_id,title,media_name,media_url,publish_date,indexed_date,language,url
E005,4a39a745d277ffe943d66c07b3e00760ea9d062dd2b1c3377986f71e8b6db4f8,"PHILIPPINE CIVIL DEFENCE OFFICIAL: DEATH TOLL FROM MAGNITUDE 6.9 EARTHQUAKE HAS RISEN TO 69, CITING DATA FROM CEBU PROVINCE",inquirer.com,inquirer.com,2025-10-01,2025-10-01 04:23:58.748215+00:00,en,https://www.inquirer.com/wires/reuters/america-wire/philippine-civil-defence-official-death-toll-magnitude-69-earthquake-has-risen-69-citing-data-cebu-province-20250930.html
E005,77d683552d7f01ef2a6a477e7101a6516b6fd1c9dff92001dd2c4028ff63e54b,"Watch bell tower crumble, plummet to ground in Philippines earthquake",usatoday.com,usatoday.com,2025-10-01,2025-10-02 16:42:11.058959+00:00,en,https://www.usatoday.com/story/news/world/2025/10/01/bell-tower-crumbles-to-ground-philippines-earthquake/86460614007/
E005,84108353566306e49b8f18cecae7c5905ae6bcbb2ffe002425af9623764e3441,UPDATE 2-Magnitude 6.9 earthquake strikes near Cebu city in Philippines; no tsunami threat,inquirer.com,inquirer.com,2025-09-30,2025-09-30 15:31:10.538711+00:00,en,https://www.inquirer.com/wires/reuters/america-wire/update-1-magnitude-69-earthquake-strikes-eastern-visayas-region-philippines-no-tsunami-warning-20250930.html
E005,bf3f7b3fceaf3464510552a5844fe6992f6a74031d76b06bbf3b81abeffead91,FACTBOX-How does the Cebu quake compare in seismically vulnerable Philippines?,inquirer.com,inquirer.com,2025-10-01,2025-10-01 08:31:07.152031+00:00,en,https://www.inquirer.com/wires/reuters/america-wire/factbox-how-does-cebu-quake-compare-seismically-vulnerable-philippines-20251001.html
E005,5903f99d75a565ea94a8745da08602a24ab4c15ab9b5f5de545c7c8bbafb4a0c,Strong earthquake in central Philippines sends people out of homes and sparks local tsunami warning,inquirer.com,inquirer.com,2025-09-30,2025-09-30 17:29:06.069000+00:00,en,https://www.inquirer.com/wires/ap/strong-earthquake-central-philippines-sends-people-out-homes-sparks-local-tsunami-warning-20250930.html
E005,d7437b416fbe827de2d01f8870a6a0f0fad0e5b2be31b0d3081fb2e495fb38a9,Strong earthquake in central Philippines sends people out of homes and sparks local tsunami warning,inquirer.com,inquirer.com,2025-09-30,2025-09-30 16:25:31.498183+00:00,en,https://www.inquirer.com/wires/ap/strong-earthquake-central-philippines-sends-people-running-out-homes-20250930.html
E005,07d4e80487170fe447f160dcbe53e9d84573e2e80371b79ed110900123a54746,Strong earthquake in central Philippines sends people out of homes and sparks local tsunami warning,bostonglobe.com,bostonglobe.com,2025-09-30,2025-09-30 17:33:53.669561+00:00,en,https://www.bostonglobe.com/2025/09/30/world/earthquake-philippines-tsunami-warning/
E005,4aa1ccaf17a46b086cb8494a422dcc24f79f34cdcd072d45601e2a976e9899c4,At least 69 people killed in a powerful earthquake that hit the Philippines,inquirer.com,inquirer.com,2025-10-01,2025-10-01 07:24:10.759831+00:00,en,https://www.inquirer.com/wires/ap/least-69-people-killed-powerful-earthquake-that-hit-philippines-20251001.html
E005,0d94235f861ebdde9d3a2c4af01113f94d682bc26ff75475d45ad78420c48039,"At least 22 people killed in Philippines earthquake, DZMM radio says",inquirer.com,inquirer.com,2025-09-30,2025-10-01 00:18:54.980143+00:00,en,https://www.inquirer.com/wires/reuters/america-wire/least-22-people-killed-philippines-earthquake-dzmm-radio-says-20250930.html
E005,4dbe06a31c4a70f02d19f0ed7a39399622109754817e50ddce5c28d454adf2a9,At least 69 people killed in a powerful earthquake that hit the Philippines,latimes.com,latimes.com,2025-10-01,2025-10-01 23:31:00.197278+00:00,en,https://www.latimes.com/world-nation/story/2025-10-01/philippines-earthquake
E005,192aa4c9196ce52bfe6a7b3cb9c8c07113bf0b52c31d91607ac843d70f81cb56,Strong earthquake kills 31 people in a central Philippine region hit by deadly storm just days ago,inquirer.com,inquirer.com,2025-10-01,2025-10-01 01:24:18.099415+00:00,en,https://www.inquirer.com/wires/ap/strong-earthquake-kills-20-people-central-philippine-region-hit-by-deadly-storm-just-days-ago-20250930.html
E005,e67700e01a298fb3e3f48a05eab95246425da2447505706e20fcfee4a6f546e3,At least 69 people killed in a powerful earthquake that hit the Philippines,bostonglobe.com,bostonglobe.com,2025-10-01,2025-10-01 12:38:18.978180+00:00,en,https://www.bostonglobe.com/2025/10/01/world/philippines-earthquake/
E005,ce9b8cff8bd1aea0150d481b4bff2b3917ef090708b134907ca04ce4a517c38c,Strong earthquake kills 20 people in a central Philippine region hit by deadly storm just days ago,inquirer.com,inquirer.com,2025-09-30,2025-09-30 23:21:55.717403+00:00,en,https://www.inquirer.com/wires/ap/strong-earthquake-central-philippines-kills-least-6-people-damages-houses-buildings-20250930.html
E005,ad8d29908597b01290d50482e23d5507bda270d864c6b02a00bbfa2337109ffb,UPDATE 1-Death toll from Philippine quake rises to 72,inquirer.com,inquirer.com,2025-10-02,2025-10-02 01:22:26.529507+00:00,en,https://www.inquirer.com/wires/reuters/america-wire/update-1-death-toll-philippine-quake-rises-72-20251001.html
E005,2ea0578e08c8757965b8faef32a998afce90769a00a40dd812723edd0bde4156,Rescuers desperately search for survivors of earthquake in the Philippines that killed at least 72,inquirer.com,inquirer.com,2025-10-02,2025-10-02 04:17:11.198045+00:00,en,https://www.inquirer.com/wires/ap/rescuers-desperately-search-survivors-earthquake-philippines-that-killed-least-72-20251001.html
E005,a3ca1c41864309db1e1c1d832436e10bcd1fbc03ae6af967e663cce2d883ff04,Strong earthquake kills 31 people in a central Philippine region hit by deadly storm just days ago,newsday.com,newsday.com,2025-09-30,2025-10-01 16:50:01.774422+00:00,en,https://www.newsday.com/news/nation/philippines-earthquake-cebu-daanbantayan-r64405
E005,1c1ef2a6aa38aac6a26c52f132661118fea523c79034054bff42722dfdd7400a,Strong earthquake kills 20 people in a central Philippine region hit by deadly storm just days ago,bostonherald.com,bostonherald.com,2025-09-30,2025-09-30 23:31:19.971111+00:00,en,https://www.bostonherald.com/2025/09/30/philippines-cebu-earthquake/
E005,b2921f5647f417cf6050d64d378d4856e9322faf5a87f96be337dd7a6689c9d5,"UPDATE 1-Philippines quake death toll rises to 69 , official says",inquirer.com,inquirer.com,2025-10-01,2025-10-01 04:22:43.884551+00:00,en,https://www.inquirer.com/wires/reuters/america-wire/update-1-philippines-quake-death-toll-rises-69-official-says-20250930.html
E005,b64fff3f2d2b893b40c770465f97a0266145a914030df2e239dba6286d4f7f13,"Philippines 6.9-magnitude earthquake death toll rises to 69, official says",nypost.com,nypost.com,2025-10-01,2025-10-01 16:39:02.974425+00:00,en,https://nypost.com/2025/10/01/world-news/dozens-killed-as-powerful-quake-strikes-central-philippines/
E005,3dc821369c1d7752afe7154ce1983f8649e1ed31ca29ba9b0808dd7920a83107,Rescuers in desperate search after powerful earthquake hit Philippines,bostonglobe.com,bostonglobe.com,2025-10-01,2025-10-02 02:20:14.192059+00:00,en,https://www.bostonglobe.com/2025/10/01/world/rescuers-desperate-search-after-powerful-earthquake-hit-philippines/
E005,a4cd792c9400b8d0736053247d8fc6d624d50a1b9b5080a249906b48f0bb9e9c,"Rescuers in desperate search after a powerful earthquake hit the Philippines, killing at least 69",courant.com,courant.com,2025-10-01,2025-10-01 17:33:59.061184+00:00,en,https://www.courant.com/2025/10/01/philippines-earthquake/
E005,ae3b59fd5d3409d68f7172d6d54322bddc9c748b10e2b3d2897e0246dacb9a8d,"Rescuers in desperate search after a powerful earthquake hit the Philippines, killing at least 69",twincities.com,twincities.com,2025-10-01,2025-10-01 18:20:23.524184+00:00,en,https://www.twincities.com/2025/10/01/philippines-earthquake/
E005,e6bb8e8213d141bb17992f52b529cfe1a916228b88337e2ba6dcb9601723a305,"Rescuers in desperate search after a powerful earthquake hit the Philippines, killing at least 69",dailynews.com,dailynews.com,2025-10-01,2025-10-01 18:19:46.147122+00:00,en,https://www.dailynews.com/2025/10/01/philippines-earthquake/
E005,5ea5ca317798fd82e017947f989ab8cf7a9a04ff4c148a6263680b79c1ec8942,"Rescuers in desperate search after a powerful earthquake hit the Philippines, killing at least 69",baltimoresun.com,baltimoresun.com,2025-10-01,2025-10-01 17:33:51.376676+00:00,en,https://www.baltimoresun.com/2025/10/01/philippines-earthquake/
E005,034dbfdf54e21f0c398932e0507c1c1ad0835112dea82ed6bbce0b3f3802eeaf,"Rescuers in desperate search after a powerful earthquake hit the Philippines, killing at least 69",newsday.com,newsday.com,2025-10-01,2025-10-01 16:56:46.686286+00:00,en,https://www.newsday.com/news/nation/philippines-earthquake-bogo-cebu-daanbantayan-t76114
E005,128e0ef4ef71dc401968bbf144893650477a4d355c8a1f34b60da81dd72b5fbb,Strong earthquake in central Philippines damages building and sends people out of their homes,inquirer.com,inquirer.com,2025-09-30,2025-09-30 19:30:07.779106+00:00,en,https://www.inquirer.com/wires/ap/strong-earthquake-central-philippines-damages-building-sends-people-out-their-homes-20250930.html
E005,9e9d35cba4597ed002580054291fc6e454f5a35d8eb9bce1f0ebb8c8300cc396,"Rescuers in desperate search after a powerful earthquake hit the Philippines, killing at least 69",mcall.com,mcall.com,2025-10-01,2025-10-01 18:27:26.950633+00:00,en,https://www.mcall.com/2025/10/01/philippines-earthquake/
E005,fc1bf0bbb7b0a6dbae89c1a9d31474b081037846456cc07c6a25a3efaf29359e,"Rescuers in desperate search after a powerful earthquake hit the Philippines, killing at least 69",ocregister.com,ocregister.com,2025-10-01,2025-10-01 17:33:26.977948+00:00,en,https://www.ocregister.com/2025/10/01/philippines-earthquake/
E005,cbdfa2354db282feda7477a64213096b277d7fd5e573583863559acde0d0a16e,Strong earthquake in central Philippines kills at least 6 people and damages houses and buildings,orlandosentinel.com,orlandosentinel.com,2025-09-30,2025-09-30 21:32:16.513030+00:00,en,https://www.orlandosentinel.com/2025/09/30/philippines-cebu-earthquake/
E005,c868d1fada4653c3d1a18b9d78e28605f70516d23fcbd5db5a477f541ba03a29,"Rescuers in desperate search after a powerful earthquake hit the Philippines, killing at least 69",bostonherald.com,bostonherald.com,2025-10-01,2025-10-01 19:22:21.306646+00:00,en,https://www.bostonherald.com/2025/10/01/philippines-earthquake/
E005,0e469f510033ce762795b5e3da09a8badda81140c1a410cb4b6e4bcf957be6b7,Strong earthquake in central Philippines kills at least 6 people and damages houses and buildings,dailynews.com,dailynews.com,2025-09-30,2025-09-30 21:20:49.534570+00:00,en,https://www.dailynews.com/2025/09/30/philippines-cebu-earthquake/
E005,ede91b9efe41483ddbe3cc1a93ad0d29eb25f8491c49d6df09028fa468393b7f,Meghan Markle’s estranged dad ‘fine’ after deadly Philippines earthquake,eastbaytimes.com,eastbaytimes.com,2025-10-01,2025-10-01 19:17:21.932469+00:00,en,https://www.eastbaytimes.com/2025/10/01/meghan-markle-estranged-dad-philippines-earthquake/
E005,38dfbae5079f1eadd2357fe74f07bb969e017cb6261b0a8e57e1511d09dc46dd,Strong earthquake in central Philippines kills at least 6 people and damages houses and buildings,courant.com,courant.com,2025-09-30,2025-09-30 21:32:36.352263+00:00,en,https://www.courant.com/2025/09/30/philippines-cebu-earthquake/
E005,6509d6e7ebbd2444213697f00516a34e982ee0256dfc22fbfbc59649ba0edcf3,Strong earthquake in central Philippines kills at least 6 people and damages houses and buildings,baltimoresun.com,baltimoresun.com,2025-09-30,2025-09-30 21:25:02.404609+00:00,en,https://www.baltimoresun.com/2025/09/30/philippines-cebu-earthquake/
E005,7e1decc77fbbf6d98e695243f1eef52d1aa104d31ac1449d4d5c498816049d3f,"Rescuers in desperate search after a powerful earthquake hit the Philippines, killing at least 69",sun-sentinel.com,sun-sentinel.com,2025-10-01,2025-10-01 17:34:07.173544+00:00,en,https://www.sun-sentinel.com/2025/10/01/philippines-earthquake/
E005,c02effd1adc24ae01a4d8651ca06296620494ab7fbcfc01716c8680ba291ef96,Strong earthquake in central Philippines kills at least 6 people and damages houses and buildings,twincities.com,twincities.com,2025-09-30,2025-09-30 21:34:35.751582+00:00,en,https://www.twincities.com/2025/09/30/philippines-cebu-earthquake/
E005,1e0cab4b6ca055e1ca3647549c794bb68e56e098026d164780d1e103045d44c1,Strong earthquake in central Philippines kills at least 6 people and damages houses and buildings,mcall.com,mcall.com,2025-09-30,2025-09-30 21:17:21.868709+00:00,en,https://www.mcall.com/2025/09/30/philippines-cebu-earthquake/
E005,045fb3b34c21b7938d431ec01a0f69f34c7f7f4888f86a114604b796bccb2bcb,Strong earthquake in central Philippines kills at least 6 people and damages houses and buildings,sun-sentinel.com,sun-sentinel.com,2025-09-30,2025-09-30 21:17:08.981468+00:00,en,https://www.sun-sentinel.com/2025/09/30/philippines-cebu-earthquake/
E005,f64063d13253dc5fc92fdace74192a796b6c2a25e61efcdfb4109457957b9cdc,Strong earthquake in central Philippines kills at least 6 people and damages houses and buildings,ocregister.com,ocregister.com,2025-09-30,2025-09-30 21:26:29.286229+00:00,en,https://www.ocregister.com/2025/09/30/philippines-cebu-earthquake/
E005,64af75e327140b2322bb1f1e6fd9acb93a3677668fa4a495c199512fd3781de2,Photos show destruction and rescue efforts after Philippines earthquake,inquirer.com,inquirer.com,2025-10-01,2025-10-01 19:30:40.360651+00:00,en,https://www.inquirer.com/wires/ap/photos-show-destruction-rescue-efforts-after-philippines-earthquake-20251001.html
E005,545106fb24c7c18c35ebacc30e2162ae5071fe292de531167188a916dc7c6e2d,Meghan Markle’s estranged dad ‘fine’ after deadly Philippines earthquake,mercurynews.com,mercurynews.com,2025-10-01,2025-10-01 18:31:38.044838+00:00,en,https://www.mercurynews.com/2025/10/01/meghan-markle-estranged-dad-philippines-earthquake/
E005,bf25bfd829fbcc84c3d52d86d4db808806d4aa8355a445f18675d3c923c37d9b,Photos show the destruction and rescue efforts after an earthquake in the Philippines,inquirer.com,inquirer.com,2025-10-02,2025-10-02 07:18:45.414263+00:00,en,https://www.inquirer.com/wires/ap/photos-show-destruction-rescue-efforts-after-an-earthquake-philippines-20251002.html
E005,8aa59276b6c576d69c732f86813b880e4fd344ebf7fd6723a96908dcde6ccb38,Philippines earthquake death toll rises to 72 as survivors recall moment tragedy struck,nypost.com,nypost.com,2025-10-02,2025-10-02 12:21:46.415555+00:00,en,https://nypost.com/2025/10/02/world-news/philippines-earthquake-death-toll-rises-to-72-as-survivors-recall-moment-tragedy-struck/
E005,202cea68074c11b30cbb4ae328ff3bc13576b45f92ec526f12f3308173766849,Earthquake death toll rises to 72 in the Philippines as survivors recall moment when tragedy struck,inquirer.com,inquirer.com,2025-10-02,2025-10-02 08:33:20.472358+00:00,en,https://www.inquirer.com/wires/ap/earthquake-death-toll-rises-72-philippines-survivors-recall-moment-when-tragedy-struck-20251002.html
E005,bb3cff47c01d4ab7f3c7f4a76be4765d9481bc1ed5ae49d053b91a42faf7e1cc,Earthquake death toll rises to 72 in the Philippines as survivors recall moment when tragedy struck,bostonglobe.com,bostonglobe.com,2025-10-02,2025-10-02 08:30:36.611007+00:00,en,https://www.bostonglobe.com/2025/10/02/world/philippines-earthquake/
E005,2e56ceb006a1d9e124f9de9dc1a76bdcdd826fc2b7e1d0b991fa404139a8b0db,Earthquake death toll rises to 72 in the Philippines as survivors recall moment when tragedy struck,newsday.com,newsday.com,2025-10-02,2025-10-02 16:31:13.337452+00:00,en,https://www.newsday.com/news/nation/philippines-earthquake-bogo-cebu-province-j86836
E005,25fd38a3735a0b64e32c52fbf7e6231f8f9b49cf70f5fce35145eef6940e31dd,"Typhoon blows into Philippines, complicating disaster response after quake and storms",inquirer.com,inquirer.com,2025-10-03,2025-10-03 08:22:27.091300+00:00,en,https://www.inquirer.com/wires/ap/typhoon-blows-into-philippines-complicating-disaster-response-after-quake-storms-20251003.html
E005,0d71d6b046aa201df263cc9700aa6403a15efd608ce0cbf986ffb93e9b975eff,Quake death toll in Philippines reaches 72,arkansasonline.com,arkansasonline.com,2025-10-03,2025-10-03 13:22:29.696305+00:00,en,https://www.arkansasonline.com/news/2025/oct/03/quake-death-toll-in-philippines-reaches-72/
E005,d0e3bbee4cf3090bb9161591b19291291af90f290af226521407d9f65f032235,AP Top News at 3:02 a.m. EDT,inquirer.com,inquirer.com,2025-10-01,2025-10-01 07:24:17.218610+00:00,en,https://www.inquirer.com/wires/ap/ap-top-news-213-am-edt-20251001.html
E005,1a13cfd73f83c397c61b33b3b2cc6cf462794404dd2ffa21eee5572b2c4de0fa,Matmo weakens into a storm after blowing across northern Philippines,inquirer.com,inquirer.com,2025-10-03,2025-10-03 13:27:02.375789+00:00,en,https://www.inquirer.com/wires/ap/matmo-weakens-into-storm-after-blowing-across-northern-philippines-20251003.html
E005,3c23470868f2e96189af0a9b27cd9507f621cd18ed84d28ad9ed5401e107d35c,Philippine family mourns daughter who died saving kin in quake,inquirer.com,inquirer.com,2025-10-02,2025-10-02 14:19:20.812614+00:00,en,https://www.inquirer.com/wires/reuters/america-wire/it-was-love-philippine-family-mourns-daughter-who-died-saving-kin-quake-20251002.html
E005,b7906f7875832d25eebe16b091f4782b63eb85d3f2065b4203a95b923940313a,AP Top News at 1:19 p.m. EDT,inquirer.com,inquirer.com,2025-09-30,2025-09-30 17:25:00.752882+00:00,en,https://www.inquirer.com/wires/ap/ap-top-news-112-pm-edt-20250930.html
E005,3a13e7f9d4d5d191beeea6ae0d622c6f9fffc93954d548bc17b84c4f69df1f26,AP Top News at 3:57 a.m. EDT,inquirer.com,inquirer.com,2025-10-01,2025-10-01 08:31:44.130045+00:00,en,https://www.inquirer.com/wires/ap/ap-top-news-325-am-edt-20251001.html
E005,7ca0207a2c93e55150b7804eed9ccb0faad73bdfe88f7239830c3967df7a6319,AP Top News at 6:15 a.m. EDT,inquirer.com,inquirer.com,2025-10-01,2025-10-01 10:33:23.672051+00:00,en,https://www.inquirer.com/wires/ap/ap-top-news-559-am-edt-20251001.html
E005,e82b1f5066d4628eed786012ac1f9529cb91264eefc8158374d88edf80019b78,Matmo weakens into a storm after blowing across northern Philippines,newsday.com,newsday.com,2025-10-03,2025-10-03 16:44:08.025473+00:00,en,https://www.newsday.com/news/nation/typhoon-matmo-philippines-bogo-earthquake-p07263
E005,f8ffaf2a96b6efed34b5ac5fde20e03acff04315e234dd461ee37f49ab5ee238,AP Top News at 7:04 a.m. EDT,inquirer.com,inquirer.com,2025-10-01,2025-10-01 11:28:44.969645+00:00,en,https://www.inquirer.com/wires/ap/ap-top-news-649-am-edt-20251001.html
E005,2232e65694c4ec052be17e7df751c2650bfdfeb6c8e7f7853171ea5747f7b9cc,AP Top News at 1:30 p.m. EDT,inquirer.com,inquirer.com,2025-09-30,2025-09-30 17:35:04.372462+00:00,en,https://www.inquirer.com/wires/ap/ap-top-news-119-pm-edt-20250930.html
E005,9eef03f0d97285fda4208318878c6ea349c8d09e9bc12b8aba6bf98b6e2637d2,AP Top News at 12:19 p.m. EDT,inquirer.com,inquirer.com,2025-09-30,2025-09-30 16:26:55.849100+00:00,en,https://www.inquirer.com/wires/ap/ap-top-news-1210-pm-edt-20250930.html
E005,696b11fa99e3922140cfe55a44f5f0459a38b5368b6dd96abf2675d718f0664a,AP Top News at 8:15 a.m. EDT,inquirer.com,inquirer.com,2025-10-01,2025-10-01 12:21:04.148047+00:00,en,https://www.inquirer.com/wires/ap/ap-top-news-809-am-edt-20251001.html
E005,8ef4052a76e99cc4b9c70205c9b68b00b292c32f908f17f9215b4746e172bfa6,AP Top News at 10:14 p.m. EDT,inquirer.com,inquirer.com,2025-10-01,2025-10-01 02:22:12.870473+00:00,en,https://www.inquirer.com/wires/ap/ap-top-news-954-pm-edt-20250930.html
E005,9c0bef7068876175c833dff29d179da11e99749838dc75d6cebef6510cb32c04,AP Top News at 9:13 p.m. EDT,inquirer.com,inquirer.com,2025-10-01,2025-10-01 01:24:37.398533+00:00,en,https://www.inquirer.com/wires/ap/ap-top-news-907-pm-edt-20250930.html
E005,9e7fcc83ab22468b74d139cca719a13d84bfeaf14e13578407e6d012a9a22316,AP Top News at 10:25 p.m. EDT,inquirer.com,inquirer.com,2025-10-01,2025-10-01 03:21:09.889555+00:00,en,https://www.inquirer.com/wires/ap/ap-top-news-1014-pm-edt-20250930.html
E005,596640269c8e2d54bbc87ec27fe7c95fa0170770767e010d5ddcc2b88b3084a8,AP Top News at 8:22 p.m. EDT,inquirer.com,inquirer.com,2025-10-01,2025-10-01 00:30:24.332815+00:00,en,https://www.inquirer.com/wires/ap/ap-top-news-816-pm-edt-20250930.html
E005,acc04f0ca18d42e2134eef99985fced12bbd80b27b4aa78f9aee3fd4b1a65e1c,AP Top News at 8:08 p.m. EDT,inquirer.com,inquirer.com,2025-10-01,2025-10-01 00:17:13.209156+00:00,en,https://www.inquirer.com/wires/ap/ap-top-news-801-pm-edt-20250930.html
E005,16e7f8e128eb9c46da1772395dc1ca488f86aaaf11fd823390aafbb6044db489,Reuters World News Summary,inquirer.com,inquirer.com,2025-10-02,2025-10-02 14:19:12.662806+00:00,en,https://www.inquirer.com/wires/reuters/america-wire/reuters-world-news-summary-20251002.html
E005,4c3cb9b185b17c60dc1e9d4d6a39a8cff7b3da9f8d903816734ab9280320ad1d,AP Top News at 8:27 a.m. EDT,inquirer.com,inquirer.com,2025-10-01,2025-10-01 12:33:46.652018+00:00,en,https://www.inquirer.com/wires/ap/ap-top-news-822-am-edt-20251001.html
E005,f9c943b58a8394e2905bd2be3a27306dcffb0fdf228820783b97552039513a2f,AP Top News at 10:21 a.m. EDT,inquirer.com,inquirer.com,2025-10-01,2025-10-01 14:25:56.244733+00:00,en,https://www.inquirer.com/wires/ap/ap-top-news-1006-am-edt-20251001.html
E005,efdc428159da564ce572d82128459ea0d35312fc363dc71faedff961cbdf2e1d,AP Top News at 9:26 a.m. EDT,inquirer.com,inquirer.com,2025-10-01,2025-10-01 13:32:03.837268+00:00,en,https://www.inquirer.com/wires/ap/ap-top-news-925-am-edt-20251001.html
E005,d4b752fd88c34673b36b40c3fe5340d9b47115f28e408b8ce89c57e98e1d5d7b,AP Top News at 8:22 a.m. EDT,inquirer.com,inquirer.com,2025-10-01,2025-10-01 12:26:25.769455+00:00,en,https://www.inquirer.com/wires/ap/ap-top-news-815-am-edt-20251001.html
E005,9cb806c25e93df739a9cc2172d32d90c643952a704d1c007d3f135ee2789eade,AP Top News at 3:54 a.m. EDT,inquirer.com,inquirer.com,2025-10-02,2025-10-02 08:33:11.607980+00:00,en,https://www.inquirer.com/wires/ap/ap-top-news-322-am-edt-20251002.html
E005,88d77ea22ca6d7a273778afca479f4b3ebaecbc54ca91c0d759dada6b0db04bf,AP Top News at 10:29 a.m. EDT,inquirer.com,inquirer.com,2025-10-02,2025-10-02 14:36:31.242401+00:00,en,https://www.inquirer.com/wires/ap/ap-top-news-1024-am-edt-20251002.html
E005,be559d31f11a129dbc68609a542bd1a5143aa96d68837224d800832cecf52173,AP Top News at 12:57 a.m. EDT,inquirer.com,inquirer.com,2025-10-02,2025-10-02 07:18:24.286893+00:00,en,https://www.inquirer.com/wires/ap/ap-top-news-1241-am-edt-20251002.html
E005,e6fba3efdd3d4b9bbf45c74c60363cfc003c6808ef0267ab5751b25a9bb3e8a0,AP Top News at 9:22 a.m. EDT,inquirer.com,inquirer.com,2025-10-02,2025-10-02 13:26:27.116553+00:00,en,https://www.inquirer.com/wires/ap/ap-top-news-913-am-edt-20251002.html
E005,f3af7b50733f8a9b1a7f3155f32f27d0effd6050abf94fbee2474fed8cd06846,AP Top News at 11:58 p.m. EDT,inquirer.com,inquirer.com,2025-10-02,2025-10-02 05:23:45.628214+00:00,en,https://www.inquirer.com/wires/ap/ap-top-news-1104-pm-edt-20251001.html
E005,2cd7fdb2528fbbf02e6b7758052a2662aa6e3a4c28a411be35400eb19121d1ac,AP Top News at 9:13 a.m. EDT,inquirer.com,inquirer.com,2025-10-02,2025-10-02 13:17:27.078062+00:00,en,https://www.inquirer.com/wires/ap/ap-top-news-856-am-edt-20251002.html
E005,cc2c32dd2eed72e6745dd83dd058f31eaa908ba5283b08c73084db7f26e19a40,AP Top News at 7:57 a.m. EDT,inquirer.com,inquirer.com,2025-10-02,2025-10-02 12:26:44.710763+00:00,en,https://www.inquirer.com/wires/ap/ap-top-news-754-am-edt-20251002.html
