event_id,title,url,normalized_url,normalized_title,domain,publish_date,source
E005,"PHILIPPINE CIVIL DEFENCE OFFICIAL: DEATH TOLL FROM MAGNITUDE 6.9 EARTHQUAKE HAS RISEN TO 69, CITING DATA FROM CEBU PROVINCE",https://www.inquirer.com/wires/reuters/america-wire/philippine-civil-defence-official-death-toll-magnitude-69-earthquake-has-risen-69-citing-data-cebu-province-20250930.html,inquirer.com/wires/reuters/america-wire/philippine-civil-defence-official-death-toll-magnitude-69-earthquake-has-risen-69-citing-data-cebu-province-20250930.html,philippine civil defence official death toll from magnitude 6 9 earthquake has risen to 69 citing data from cebu province,inquirer.com,2025-10-01,mediacloud
E005,"Watch bell tower crumble, plummet to ground in Philippines earthquake",https://www.usatoday.com/story/news/world/2025/10/01/bell-tower-crumbles-to-ground-philippines-earthquake/86460614007/,usatoday.com/story/news/world/2025/10/01/bell-tower-crumbles-to-ground-philippines-earthquake/86460614007,watch bell tower crumble plummet to ground in philippines earthquake,usatoday.com,2025-10-01,mediacloud
E005,UPDATE 2-Magnitude 6.9 earthquake strikes near Cebu city in Philippines; no tsunami threat,https://www.inquirer.com/wires/reuters/america-wire/update-1-magnitude-69-earthquake-strikes-eastern-visayas-region-philippines-no-tsunami-warning-20250930.html,inquirer.com/wires/reuters/america-wire/update-1-magnitude-69-earthquake-strikes-eastern-visayas-region-philippines-no-tsunami-warning-20250930.html,update 2 magnitude 6 9 earthquake strikes near cebu city in philippines no tsunami threat,inquirer.com,2025-09-30,mediacloud
E005,FACTBOX-How does the Cebu quake compare in seismically vulnerable Philippines?,https://www.inquirer.com/wires/reuters/america-wire/factbox-how-does-cebu-quake-compare-seismically-vulnerable-philippines-20251001.html,inquirer.com/wires/reuters/america-wire/factbox-how-does-cebu-quake-compare-seismically-vulnerable-philippines-20251001.html,factbox how does the cebu quake compare in seismically vulnerable philippines,inquirer.com,2025-10-01,mediacloud
E005,Strong earthquake in central Philippines sends people out of homes and sparks local tsunami warning,https://www.inquirer.com/wires/ap/strong-earthquake-central-philippines-sends-people-out-homes-sparks-local-tsunami-warning-20250930.html,inquirer.com/wires/ap/strong-earthquake-central-philippines-sends-people-out-homes-sparks-local-tsunami-warning-20250930.html,strong earthquake in central philippines sends people out of homes and sparks local tsunami warning,inquirer.com,2025-09-30,mediacloud
E005,Strong earthquake in central Philippines sends people out of homes and sparks local tsunami warning,https://www.inquirer.com/wires/ap/strong-earthquake-central-philippines-sends-people-running-out-homes-20250930.html,inquirer.com/wires/ap/strong-earthquake-central-philippines-sends-people-running-out-homes-20250930.html,strong earthquake in central philippines sends people out of homes and sparks local tsunami warning,inquirer.com,2025-09-30,mediacloud
E005,Strong earthquake in central Philippines sends people out of homes and sparks local tsunami warning,https://www.bostonglobe.com/2025/09/30/world/earthquake-philippines-tsunami-warning/,bostonglobe.com/2025/09/30/world/earthquake-philippines-tsunami-warning,strong earthquake in central philippines sends people out of homes and sparks local tsunami warning,bostonglobe.com,2025-09-30,mediacloud
E005,At least 69 people killed in a powerful earthquake that hit the Philippines,https://www.inquirer.com/wires/ap/least-69-people-killed-powerful-earthquake-that-hit-philippines-20251001.html,inquirer.com/wires/ap/least-69-people-killed-powerful-earthquake-that-hit-philippines-20251001.html,at least 69 people killed in a powerful earthquake that hit the philippines,inquirer.com,2025-10-01,mediacloud
E005,"At least 22 people killed in Philippines earthquake, DZMM radio says",https://www.inquirer.com/wires/reuters/america-wire/least-22-people-killed-philippines-earthquake-dzmm-radio-says-20250930.html,inquirer.com/wires/reuters/america-wire/least-22-people-killed-philippines-earthquake-dzmm-radio-says-20250930.html,at least 22 people killed in philippines earthquake dzmm radio says,inquirer.com,2025-09-30,mediacloud
E005,At least 69 people killed in a powerful earthquake that hit the Philippines,https://www.latimes.com/world-nation/story/2025-10-01/philippines-earthquake,latimes.com/world-nation/story/2025-10-01/philippines-earthquake,at least 69 people killed in a powerful earthquake that hit the philippines,latimes.com,2025-10-01,mediacloud
E005,Strong earthquake kills 31 people in a central Philippine region hit by deadly storm just days ago,https://www.inquirer.com/wires/ap/strong-earthquake-kills-20-people-central-philippine-region-hit-by-deadly-storm-just-days-ago-20250930.html,inquirer.com/wires/ap/strong-earthquake-kills-20-people-central-philippine-region-hit-by-deadly-storm-just-days-ago-20250930.html,strong earthquake kills 31 people in a central philippine region hit by deadly storm just days ago,inquirer.com,2025-10-01,mediacloud
E005,At least 69 people killed in a powerful earthquake that hit the Philippines,https://www.bostonglobe.com/2025/10/01/world/philippines-earthquake/,bostonglobe.com/2025/10/01/world/philippines-earthquake,at least 69 people killed in a powerful earthquake that hit the philippines,bostonglobe.com,2025-10-01,mediacloud
E005,Strong earthquake kills 20 people in a central Philippine region hit by deadly storm just days ago,https://www.inquirer.com/wires/ap/strong-earthquake-central-philippines-kills-least-6-people-damages-houses-buildings-20250930.html,inquirer.com/wires/ap/strong-earthquake-central-philippines-kills-least-6-people-damages-houses-buildings-20250930.html,strong earthquake kills 20 people in a central philippine region hit by deadly storm just days ago,inquirer.com,2025-09-30,mediacloud
E005,UPDATE 1-Death toll from Philippine quake rises to 72,https://www.inquirer.com/wires/reuters/america-wire/update-1-death-toll-philippine-quake-rises-72-20251001.html,inquirer.com/wires/reuters/america-wire/update-1-death-toll-philippine-quake-rises-72-20251001.html,update 1 death toll from philippine quake rises to 72,inquirer.com,2025-10-02,mediacloud
E005,Rescuers desperately search for survivors of earthquake in the Philippines that killed at least 72,https://www.inquirer.com/wires/ap/rescuers-desperately-search-survivors-earthquake-philippines-that-killed-least-72-20251001.html,inquirer.com/wires/ap/rescuers-desperately-search-survivors-earthquake-philippines-that-killed-least-72-20251001.html,rescuers desperately search for survivors of earthquake in the philippines that killed at least 72,inquirer.com,2025-10-02,mediacloud
E005,Strong earthquake kills 31 people in a central Philippine region hit by deadly storm just days ago,https://www.newsday.com/news/nation/philippines-earthquake-cebu-daanbantayan-r64405,newsday.com/news/nation/philippines-earthquake-cebu-daanbantayan-r64405,strong earthquake kills 31 people in a central philippine region hit by deadly storm just days ago,newsday.com,2025-09-30,mediacloud
E005,Strong earthquake kills 20 people in a central Philippine region hit by deadly storm just days ago,https://www.bostonherald.com/2025/09/30/philippines-cebu-earthquake/,bostonherald.com/2025/09/30/philippines-cebu-earthquake,strong earthquake kills 20 people in a central philippine region hit by deadly storm just days ago,bostonherald.com,2025-09-30,mediacloud
E005,"UPDATE 1-Philippines quake death toll rises to 69 , official says",https://www.inquirer.com/wires/reuters/america-wire/update-1-philippines-quake-death-toll-rises-69-official-says-20250930.html,inquirer.com/wires/reuters/america-wire/update-1-philippines-quake-death-toll-rises-69-official-says-20250930.html,update 1 philippines quake death toll rises to 69 official says,inquirer.com,2025-10-01,mediacloud
E005,"Philippines 6.9-magnitude earthquake death toll rises to 69, official says",https://nypost.com/2025/10/01/world-news/dozens-killed-as-powerful-quake-strikes-central-philippines/,nypost.com/2025/10/01/world-news/dozens-killed-as-powerful-quake-strikes-central-philippines,philippines 6 9 magnitude earthquake death toll rises to 69 official says,nypost.com,2025-10-01,mediacloud
E005,Rescuers in desperate search after powerful earthquake hit Philippines,https://www.bostonglobe.com/2025/10/01/world/rescuers-desperate-search-after-powerful-earthquake-hit-philippines/,bostonglobe.com/2025/10/01/world/rescuers-desperate-search-after-powerful-earthquake-hit-philippines,rescuers in desperate search after powerful earthquake hit philippines,bostonglobe.com,2025-10-01,mediacloud
E005,"Rescuers in desperate search after a powerful earthquake hit the Philippines, killing at least 69",https://www.courant.com/2025/10/01/philippines-earthquake/,courant.com/2025/10/01/philippines-earthquake,rescuers in desperate search after a powerful earthquake hit the philippines killing at least 69,courant.com,2025-10-01,mediacloud
E005,"Rescuers in desperate search after a powerful earthquake hit the Philippines, killing at least 69",https://www.twincities.com/2025/10/01/philippines-earthquake/,twincities.com/2025/10/01/philippines-earthquake,rescuers in desperate search after a powerful earthquake hit the philippines killing at least 69,twincities.com,2025-10-01,mediacloud
E005,"Rescuers in desperate search after a powerful earthquake hit the Philippines, killing at least 69",https://www.dailynews.com/2025/10/01/philippines-earthquake/,dailynews.com/2025/10/01/philippines-earthquake,rescuers in desperate search after a powerful earthquake hit the philippines killing at least 69,dailynews.com,2025-10-01,mediacloud
E005,"Rescuers in desperate search after a powerful earthquake hit the Philippines, killing at least 69",https://www.baltimoresun.com/2025/10/01/philippines-earthquake/,baltimoresun.com/2025/10/01/philippines-earthquake,rescuers in desperate search after a powerful earthquake hit the philippines killing at least 69,baltimoresun.com,2025-10-01,mediacloud
E005,"Rescuers in desperate search after a powerful earthquake hit the Philippines, killing at least 69",https://www.newsday.com/news/nation/philippines-earthquake-bogo-cebu-daanbantayan-t76114,newsday.com/news/nation/philippines-earthquake-bogo-cebu-daanbantayan-t76114,rescuers in desperate search after a powerful earthquake hit the philippines killing at least 69,newsday.com,2025-10-01,mediacloud
E005,Strong earthquake in central Philippines damages building and sends people out of their homes,https://www.inquirer.com/wires/ap/strong-earthquake-central-philippines-damages-building-sends-people-out-their-homes-20250930.html,inquirer.com/wires/ap/strong-earthquake-central-philippines-damages-building-sends-people-out-their-homes-20250930.html,strong earthquake in central philippines damages building and sends people out of their homes,inquirer.com,2025-09-30,mediacloud
E005,"Rescuers in desperate search after a powerful earthquake hit the Philippines, killing at least 69",https://www.mcall.com/2025/10/01/philippines-earthquake/,mcall.com/2025/10/01/philippines-earthquake,rescuers in desperate search after a powerful earthquake hit the philippines killing at least 69,mcall.com,2025-10-01,mediacloud
E005,"Rescuers in desperate search after a powerful earthquake hit the Philippines, killing at least 69",https://www.ocregister.com/2025/10/01/philippines-earthquake/,ocregister.com/2025/10/01/philippines-earthquake,rescuers in desperate search after a powerful earthquake hit the philippines killing at least 69,ocregister.com,2025-10-01,mediacloud
E005,Strong earthquake in central Philippines kills at least 6 people and damages houses and buildings,https://www.orlandosentinel.com/2025/09/30/philippines-cebu-earthquake/,orlandosentinel.com/2025/09/30/philippines-cebu-earthquake,strong earthquake in central philippines kills at least 6 people and damages houses and buildings,orlandosentinel.com,2025-09-30,mediacloud
E005,"Rescuers in desperate search after a powerful earthquake hit the Philippines, killing at least 69",https://www.bostonherald.com/2025/10/01/philippines-earthquake/,bostonherald.com/2025/10/01/philippines-earthquake,rescuers in desperate search after a powerful earthquake hit the philippines killing at least 69,bostonherald.com,2025-10-01,mediacloud
E005,Strong earthquake in central Philippines kills at least 6 people and damages houses and buildings,https://www.dailynews.com/2025/09/30/philippines-cebu-earthquake/,dailynews.com/2025/09/30/philippines-cebu-earthquake,strong earthquake in central philippines kills at least 6 people and damages houses and buildings,dailynews.com,2025-09-30,mediacloud
E005,Meghan Markle’s estranged dad ‘fine’ after deadly Philippines earthquake,https://www.eastbaytimes.com/2025/10/01/meghan-markle-estranged-dad-philippines-earthquake/,eastbaytimes.com/2025/10/01/meghan-markle-estranged-dad-philippines-earthquake,meghan markle s estranged dad fine after deadly philippines earthquake,eastbaytimes.com,2025-10-01,mediacloud
E005,Strong earthquake in central Philippines kills at least 6 people and damages houses and buildings,https://www.courant.com/2025/09/30/philippines-cebu-earthquake/,courant.com/2025/09/30/philippines-cebu-earthquake,strong earthquake in central philippines kills at least 6 people and damages houses and buildings,courant.com,2025-09-30,mediacloud
E005,Strong earthquake in central Philippines kills at least 6 people and damages houses and buildings,https://www.baltimoresun.com/2025/09/30/philippines-cebu-earthquake/,baltimoresun.com/2025/09/30/philippines-cebu-earthquake,strong earthquake in central philippines kills at least 6 people and damages houses and buildings,baltimoresun.com,2025-09-30,mediacloud
E005,"Rescuers in desperate search after a powerful earthquake hit the Philippines, killing at least 69",https://www.sun-sentinel.com/2025/10/01/philippines-earthquake/,sun-sentinel.com/2025/10/01/philippines-earthquake,rescuers in desperate search after a powerful earthquake hit the philippines killing at least 69,sun-sentinel.com,2025-10-01,mediacloud
E005,Strong earthquake in central Philippines kills at least 6 people and damages houses and buildings,https://www.twincities.com/2025/09/30/philippines-cebu-earthquake/,twincities.com/2025/09/30/philippines-cebu-earthquake,strong earthquake in central philippines kills at least 6 people and damages houses and buildings,twincities.com,2025-09-30,mediacloud
E005,Strong earthquake in central Philippines kills at least 6 people and damages houses and buildings,https://www.mcall.com/2025/09/30/philippines-cebu-earthquake/,mcall.com/2025/09/30/philippines-cebu-earthquake,strong earthquake in central philippines kills at least 6 people and damages houses and buildings,mcall.com,2025-09-30,mediacloud
E005,Strong earthquake in central Philippines kills at least 6 people and damages houses and buildings,https://www.sun-sentinel.com/2025/09/30/philippines-cebu-earthquake/,sun-sentinel.com/2025/09/30/philippines-cebu-earthquake,strong earthquake in central philippines kills at least 6 people and damages houses and buildings,sun-sentinel.com,2025-09-30,mediacloud
E005,Strong earthquake in central Philippines kills at least 6 people and damages houses and buildings,https://www.ocregister.com/2025/09/30/philippines-cebu-earthquake/,ocregister.com/2025/09/30/philippines-cebu-earthquake,strong earthquake in central philippines kills at least 6 people and damages houses and buildings,ocregister.com,2025-09-30,mediacloud
E005,Photos show destruction and rescue efforts after Philippines earthquake,https://www.inquirer.com/wires/ap/photos-show-destruction-rescue-efforts-after-philippines-earthquake-20251001.html,inquirer.com/wires/ap/photos-show-destruction-rescue-efforts-after-philippines-earthquake-20251001.html,photos show destruction and rescue efforts after philippines earthquake,inquirer.com,2025-10-01,mediacloud
E005,Meghan Markle’s estranged dad ‘fine’ after deadly Philippines earthquake,https://www.mercurynews.com/2025/10/01/meghan-markle-estranged-dad-philippines-earthquake/,mercurynews.com/2025/10/01/meghan-markle-estranged-dad-philippines-earthquake,meghan markle s estranged dad fine after deadly philippines earthquake,mercurynews.com,2025-10-01,mediacloud
E005,Photos show the destruction and rescue efforts after an earthquake in the Philippines,https://www.inquirer.com/wires/ap/photos-show-destruction-rescue-efforts-after-an-earthquake-philippines-20251002.html,inquirer.com/wires/ap/photos-show-destruction-rescue-efforts-after-an-earthquake-philippines-20251002.html,photos show the destruction and rescue efforts after an earthquake in the philippines,inquirer.com,2025-10-02,mediacloud
E005,Philippines earthquake death toll rises to 72 as survivors recall moment tragedy struck,https://nypost.com/2025/10/02/world-news/philippines-earthquake-death-toll-rises-to-72-as-survivors-recall-moment-tragedy-struck/,nypost.com/2025/10/02/world-news/philippines-earthquake-death-toll-rises-to-72-as-survivors-recall-moment-tragedy-struck,philippines earthquake death toll rises to 72 as survivors recall moment tragedy struck,nypost.com,2025-10-02,mediacloud
E005,Earthquake death toll rises to 72 in the Philippines as survivors recall moment when tragedy struck,https://www.inquirer.com/wires/ap/earthquake-death-toll-rises-72-philippines-survivors-recall-moment-when-tragedy-struck-20251002.html,inquirer.com/wires/ap/earthquake-death-toll-rises-72-philippines-survivors-recall-moment-when-tragedy-struck-20251002.html,earthquake death toll rises to 72 in the philippines as survivors recall moment when tragedy struck,inquirer.com,2025-10-02,mediacloud
E005,Earthquake death toll rises to 72 in the Philippines as survivors recall moment when tragedy struck,https://www.bostonglobe.com/2025/10/02/world/philippines-earthquake/,bostonglobe.com/2025/10/02/world/philippines-earthquake,earthquake death toll rises to 72 in the philippines as survivors recall moment when tragedy struck,bostonglobe.com,2025-10-02,mediacloud
E005,Earthquake death toll rises to 72 in the Philippines as survivors recall moment when tragedy struck,https://www.newsday.com/news/nation/philippines-earthquake-bogo-cebu-province-j86836,newsday.com/news/nation/philippines-earthquake-bogo-cebu-province-j86836,earthquake death toll rises to 72 in the philippines as survivors recall moment when tragedy struck,newsday.com,2025-10-02,mediacloud
E005,"Typhoon blows into Philippines, complicating disaster response after quake and storms",https://www.inquirer.com/wires/ap/typhoon-blows-into-philippines-complicating-disaster-response-after-quake-storms-20251003.html,inquirer.com/wires/ap/typhoon-blows-into-philippines-complicating-disaster-response-after-quake-storms-20251003.html,typhoon blows into philippines complicating disaster response after quake and storms,inquirer.com,2025-10-03,mediacloud
E005,Quake death toll in Philippines reaches 72,https://www.arkansasonline.com/news/2025/oct/03/quake-death-toll-in-philippines-reaches-72/,arkansasonline.com/news/2025/oct/03/quake-death-toll-in-philippines-reaches-72,quake death toll in philippines reaches 72,arkansasonline.com,2025-10-03,mediacloud
E005,AP Top News at 3:02 a.m. EDT,https://www.inquirer.com/wires/ap/ap-top-news-213-am-edt-20251001.html,inquirer.com/wires/ap/ap-top-news-213-am-edt-20251001.html,ap top news at 3 02 a m edt,inquirer.com,2025-10-01,mediacloud
E005,Matmo weakens into a storm after blowing across northern Philippines,https://www.inquirer.com/wires/ap/matmo-weakens-into-storm-after-blowing-across-northern-philippines-20251003.html,inquirer.com/wires/ap/matmo-weakens-into-storm-after-blowing-across-northern-philippines-20251003.html,matmo weakens into a storm after blowing across northern philippines,inquirer.com,2025-10-03,mediacloud
E005,Philippine family mourns daughter who died saving kin in quake,https://www.inquirer.com/wires/reuters/america-wire/it-was-love-philippine-family-mourns-daughter-who-died-saving-kin-quake-20251002.html,inquirer.com/wires/reuters/america-wire/it-was-love-philippine-family-mourns-daughter-who-died-saving-kin-quake-20251002.html,philippine family mourns daughter who died saving kin in quake,inquirer.com,2025-10-02,mediacloud
E005,AP Top News at 1:19 p.m. EDT,https://www.inquirer.com/wires/ap/ap-top-news-112-pm-edt-20250930.html,inquirer.com/wires/ap/ap-top-news-112-pm-edt-20250930.html,ap top news at 1 19 p m edt,inquirer.com,2025-09-30,mediacloud
E005,AP Top News at 3:57 a.m. EDT,https://www.inquirer.com/wires/ap/ap-top-news-325-am-edt-20251001.html,inquirer.com/wires/ap/ap-top-news-325-am-edt-20251001.html,ap top news at 3 57 a m edt,inquirer.com,2025-10-01,mediacloud
E005,AP Top News at 6:15 a.m. EDT,https://www.inquirer.com/wires/ap/ap-top-news-559-am-edt-20251001.html,inquirer.com/wires/ap/ap-top-news-559-am-edt-20251001.html,ap top news at 6 15 a m edt,inquirer.com,2025-10-01,mediacloud
E005,Matmo weakens into a storm after blowing across northern Philippines,https://www.newsday.com/news/nation/typhoon-matmo-philippines-bogo-earthquake-p07263,newsday.com/news/nation/typhoon-matmo-philippines-bogo-earthquake-p07263,matmo weakens into a storm after blowing across northern philippines,newsday.com,2025-10-03,mediacloud
E005,AP Top News at 7:04 a.m. EDT,https://www.inquirer.com/wires/ap/ap-top-news-649-am-edt-20251001.html,inquirer.com/wires/ap/ap-top-news-649-am-edt-20251001.html,ap top news at 7 04 a m edt,inquirer.com,2025-10-01,mediacloud
E005,AP Top News at 1:30 p.m. EDT,https://www.inquirer.com/wires/ap/ap-top-news-119-pm-edt-20250930.html,inquirer.com/wires/ap/ap-top-news-119-pm-edt-20250930.html,ap top news at 1 30 p m edt,inquirer.com,2025-09-30,mediacloud
E005,AP Top News at 12:19 p.m. EDT,https://www.inquirer.com/wires/ap/ap-top-news-1210-pm-edt-20250930.html,inquirer.com/wires/ap/ap-top-news-1210-pm-edt-20250930.html,ap top news at 12 19 p m edt,inquirer.com,2025-09-30,mediacloud
E005,AP Top News at 8:15 a.m. EDT,https://www.inquirer.com/wires/ap/ap-top-news-809-am-edt-20251001.html,inquirer.com/wires/ap/ap-top-news-809-am-edt-20251001.html,ap top news at 8 15 a m edt,inquirer.com,2025-10-01,mediacloud
E005,AP Top News at 10:14 p.m. EDT,https://www.inquirer.com/wires/ap/ap-top-news-954-pm-edt-20250930.html,inquirer.com/wires/ap/ap-top-news-954-pm-edt-20250930.html,ap top news at 10 14 p m edt,inquirer.com,2025-10-01,mediacloud
E005,AP Top News at 9:13 p.m. EDT,https://www.inquirer.com/wires/ap/ap-top-news-907-pm-edt-20250930.html,inquirer.com/wires/ap/ap-top-news-907-pm-edt-20250930.html,ap top news at 9 13 p m edt,inquirer.com,2025-10-01,mediacloud
E005,AP Top News at 10:25 p.m. EDT,https://www.inquirer.com/wires/ap/ap-top-news-1014-pm-edt-20250930.html,inquirer.com/wires/ap/ap-top-news-1014-pm-edt-20250930.html,ap top news at 10 25 p m edt,inquirer.com,2025-10-01,mediacloud
E005,AP Top News at 8:22 p.m. EDT,https://www.inquirer.com/wires/ap/ap-top-news-816-pm-edt-20250930.html,inquirer.com/wires/ap/ap-top-news-816-pm-edt-20250930.html,ap top news at 8 22 p m edt,inquirer.com,2025-10-01,mediacloud
E005,AP Top News at 8:08 p.m. EDT,https://www.inquirer.com/wires/ap/ap-top-news-801-pm-edt-20250930.html,inquirer.com/wires/ap/ap-top-news-801-pm-edt-20250930.html,ap top news at 8 08 p m edt,inquirer.com,2025-10-01,mediacloud
E005,Reuters World News Summary,https://www.inquirer.com/wires/reuters/america-wire/reuters-world-news-summary-20251002.html,inquirer.com/wires/reuters/america-wire/reuters-world-news-summary-20251002.html,reuters world news summary,inquirer.com,2025-10-02,mediacloud
E005,AP Top News at 8:27 a.m. EDT,https://www.inquirer.com/wires/ap/ap-top-news-822-am-edt-20251001.html,inquirer.com/wires/ap/ap-top-news-822-am-edt-20251001.html,ap top news at 8 27 a m edt,inquirer.com,2025-10-01,mediacloud
E005,AP Top News at 10:21 a.m. EDT,https://www.inquirer.com/wires/ap/ap-top-news-1006-am-edt-20251001.html,inquirer.com/wires/ap/ap-top-news-1006-am-edt-20251001.html,ap top news at 10 21 a m edt,inquirer.com,2025-10-01,mediacloud
E005,AP Top News at 9:26 a.m. EDT,https://www.inquirer.com/wires/ap/ap-top-news-925-am-edt-20251001.html,inquirer.com/wires/ap/ap-top-news-925-am-edt-20251001.html,ap top news at 9 26 a m edt,inquirer.com,2025-10-01,mediacloud
E005,AP Top News at 8:22 a.m. EDT,https://www.inquirer.com/wires/ap/ap-top-news-815-am-edt-20251001.html,inquirer.com/wires/ap/ap-top-news-815-am-edt-20251001.html,ap top news at 8 22 a m edt,inquirer.com,2025-10-01,mediacloud
E005,AP Top News at 3:54 a.m. EDT,https://www.inquirer.com/wires/ap/ap-top-news-322-am-edt-20251002.html,inquirer.com/wires/ap/ap-top-news-322-am-edt-20251002.html,ap top news at 3 54 a m edt,inquirer.com,2025-10-02,mediacloud
E005,AP Top News at 10:29 a.m. EDT,https://www.inquirer.com/wires/ap/ap-top-news-1024-am-edt-20251002.html,inquirer.com/wires/ap/ap-top-news-1024-am-edt-20251002.html,ap top news at 10 29 a m edt,inquirer.com,2025-10-02,mediacloud
E005,AP Top News at 12:57 a.m. EDT,https://www.inquirer.com/wires/ap/ap-top-news-1241-am-edt-20251002.html,inquirer.com/wires/ap/ap-top-news-1241-am-edt-20251002.html,ap top news at 12 57 a m edt,inquirer.com,2025-10-02,mediacloud
E005,AP Top News at 9:22 a.m. EDT,https://www.inquirer.com/wires/ap/ap-top-news-913-am-edt-20251002.html,inquirer.com/wires/ap/ap-top-news-913-am-edt-20251002.html,ap top news at 9 22 a m edt,inquirer.com,2025-10-02,mediacloud
E005,AP Top News at 11:58 p.m. EDT,https://www.inquirer.com/wires/ap/ap-top-news-1104-pm-edt-20251001.html,inquirer.com/wires/ap/ap-top-news-1104-pm-edt-20251001.html,ap top news at 11 58 p m edt,inquirer.com,2025-10-02,mediacloud
E005,AP Top News at 9:13 a.m. EDT,https://www.inquirer.com/wires/ap/ap-top-news-856-am-edt-20251002.html,inquirer.com/wires/ap/ap-top-news-856-am-edt-20251002.html,ap top news at 9 13 a m edt,inquirer.com,2025-10-02,mediacloud
E005,AP Top News at 7:57 a.m. EDT,https://www.inquirer.com/wires/ap/ap-top-news-754-am-edt-20251002.html,inquirer.com/wires/ap/ap-top-news-754-am-edt-20251002.html,ap top news at 7 57 a m edt,inquirer.com,2025-10-02,mediacloud
