event_id,title,url,normalized_url,normalized_title,domain,publish_date,source,url_match,title_match
E005,IN PHOTOS : The aftermath of the magnitude 6 . 9 earthquake in Cebu,https://www.rappler.com/philippines/visayas/photos-aftermath-cebu-earthquake-october-2025/,rappler.com/philippines/visayas/photos-aftermath-cebu-earthquake-october-2025,in photos the aftermath of the magnitude 6 9 earthquake in cebu,rappler.com,20251002,gdelt,False,False
E005,4 earthquakes caused by unknown faults in past decade : A cause for concern,https://www.rappler.com/science/earth-space/four-earthquakes-unknown-faults-cause-for-concern/,rappler.com/science/earth-space/four-earthquakes-unknown-faults-cause-for-concern,4 earthquakes caused by unknown faults in past decade a cause for concern,rappler.com,20251006,gdelt,False,False
E005,Death care company praised for offering free services to Cebuanos after earthquake,https://interaksyon.philstar.com/trends-spotlights/2025/10/03/303003/death-care-company-praised-free-services-cebuanos-earthquake/,interaksyon.philstar.com/trends-spotlights/2025/10/03/303003/death-care-company-praised-free-services-cebuanos-earthquake,death care company praised for offering free services to cebuanos after earthquake,interaksyon.philstar.com,20251003,gdelt,False,False
E005,Kim Chiu takes break from taping to buy materials for fellow Cebuano quake victims,https://www.philstar.com/entertainment/2025/10/02/2477006/kim-chiu-takes-break-taping-buy-materials-fellow-cebuano-quake-victims,philstar.com/entertainment/2025/10/02/2477006/kim-chiu-takes-break-taping-buy-materials-fellow-cebuano-quake-victims,kim chiu takes break from taping to buy materials for fellow cebuano quake victims,philstar.com,20251002,gdelt,False,False
E005,Число жертв землетрясения у берегов Филиппин выросло до 20 человек,https://vm.ru/news/1265802-chislo-zhertv-zemletryaseniya-u-beregov-filippin-vyroslo-do-20-chelovek,vm.ru/news/1265802-chislo-zhertv-zemletryaseniya-u-beregov-filippin-vyroslo-do-20-chelovek,число жертв землетрясения у берегов филиппин выросло до 20 человек,vm.ru,20250930,gdelt,False,False
E005,Death toll in strong Cebu earthquake rises to 72,https://www.rappler.com/philippines/visayas/death-toll-cebu-earthquake-october-2-2025/,rappler.com/philippines/visayas/death-toll-cebu-earthquake-october-2-2025,death toll in strong cebu earthquake rises to 72,rappler.com,20251002,gdelt,False,False
E005,Pope Leo extends sympathies to Cebu earthquake victims,https://www.philstar.com/headlines/2025/10/02/2477009/pope-leo-extends-sympathies-cebu-earthquake-victims,philstar.com/headlines/2025/10/02/2477009/pope-leo-extends-sympathies-cebu-earthquake-victims,pope leo extends sympathies to cebu earthquake victims,philstar.com,20251002,gdelt,False,False
E005,Ready to help : Foreign governments condole with Cebu earthquake victims,https://www.rappler.com/philippines/visayas/foreign-governments-condolences-help-cebu-earthquake/,rappler.com/philippines/visayas/foreign-governments-condolences-help-cebu-earthquake,ready to help foreign governments condole with cebu earthquake victims,rappler.com,20251002,gdelt,False,False
E005,Marcos orders  tent city  for Cebu quake victims,https://www.philstar.com/headlines/2025/10/02/2477014/marcos-orders-tent-city-cebu-quake-victims,philstar.com/headlines/2025/10/02/2477014/marcos-orders-tent-city-cebu-quake-victims,marcos orders tent city for cebu quake victims,philstar.com,20251002,gdelt,False,False
E005,"Singapore expresses condolences over Philippine quake , stands ready to provide assistance",https://www.channelnewsasia.com/singapore/singapore-condolences-philippines-earthquake-ready-assistance-lawrence-wong-mfa-5381746,channelnewsasia.com/singapore/singapore-condolences-philippines-earthquake-ready-assistance-lawrence-wong-mfa-5381746,singapore expresses condolences over philippine quake stands ready to provide assistance,channelnewsasia.com,20251002,gdelt,False,False
E005,"Cebu quake death toll rises to 72 ; Over 170 , 000 affected , says NDRRMC",https://www.bworldonline.com/the-nation/2025/10/02/702502/cebu-quake-death-toll-rises-to-72-over-170000-affected-says-ndrrmc/,bworldonline.com/the-nation/2025/10/02/702502/cebu-quake-death-toll-rises-to-72-over-170000-affected-says-ndrrmc,cebu quake death toll rises to 72 over 170 000 affected says ndrrmc,bworldonline.com,20251002,gdelt,False,False
E005,Death toll rises to 27 after powerful quake hits central Philippines,https://interaksyon.philstar.com/politics-issues/2025/10/01/302880/death-toll-rises-to-27-after-powerful-quake-hits-central-philippines/,interaksyon.philstar.com/politics-issues/2025/10/01/302880/death-toll-rises-to-27-after-powerful-quake-hits-central-philippines,death toll rises to 27 after powerful quake hits central philippines,interaksyon.philstar.com,20251001,gdelt,False,False
E005,Miss Asia Pacific Intl 2025 candidates safe after 6 . 9 earthquake in Cebu,https://www.philstar.com/lifestyle/fashion-and-beauty/2025/10/01/2476727/miss-asia-pacific-intl-2025-candidates-safe-after-69-earthquake-cebu,philstar.com/lifestyle/fashion-and-beauty/2025/10/01/2476727/miss-asia-pacific-intl-2025-candidates-safe-after-69-earthquake-cebu,miss asia pacific intl 2025 candidates safe after 6 9 earthquake in cebu,philstar.com,20251001,gdelt,False,False
E005,"На Филиппинах произошло землетрясение магнитудой 6 , 9",https://www.vedomosti.ru/society/news/2025/09/30/1143208-na-filippinah,vedomosti.ru/society/news/2025/09/30/1143208-na-filippinah,на филиппинах произошло землетрясение магнитудой 6 9,vedomosti.ru,20250930,gdelt,False,False
E005,"Землетрясение магнитудой 6 , 9 произошло на Филиппинах , погибли 60 человек",https://news.mail.ru/incident/68125263/,news.mail.ru/incident/68125263,землетрясение магнитудой 6 9 произошло на филиппинах погибли 60 человек,news.mail.ru,20251001,gdelt,False,False
E005,What we know so far about the fault that caused the Cebu earthquake,https://www.rappler.com/philippines/visayas/what-we-know-so-far-fault-caused-cebu-earthquake-september-2025/,rappler.com/philippines/visayas/what-we-know-so-far-fault-caused-cebu-earthquake-september-2025,what we know so far about the fault that caused the cebu earthquake,rappler.com,20251002,gdelt,False,False
E005,BOC diverts forfeited goods to Cebu quake relief - Malaya Business Insight,https://malaya.com.ph/business/business-news/boc-diverts-forfeited-goods-to-cebu-quake-relief/,malaya.com.ph/business/business-news/boc-diverts-forfeited-goods-to-cebu-quake-relief,boc diverts forfeited goods to cebu quake relief malaya business insight,malaya.com.ph,20251006,gdelt,False,False
E005,"Apps linking quake victims with rescuers , donors launched by Cebu students",https://www.thestar.com.my/aseanplus/aseanplus-news/2025/10/03/apps-linking-quake-victims-with-rescuers-donors-launched-by-cebu-students,thestar.com.my/aseanplus/aseanplus-news/2025/10/03/apps-linking-quake-victims-with-rescuers-donors-launched-by-cebu-students,apps linking quake victims with rescuers donors launched by cebu students,thestar.com.my,20251003,gdelt,False,False
E005,"DHSUD suspends housing amortization for quake , typhoon victims",https://tribune.net.ph/2025/10/02/dhsud-suspends-housing-amortization-for-quake-typhoon-victims,tribune.net.ph/2025/10/02/dhsud-suspends-housing-amortization-for-quake-typhoon-victims,dhsud suspends housing amortization for quake typhoon victims,tribune.net.ph,20251002,gdelt,False,False
E005,How to help those affected by magnitude 6 . 9 Cebu earthquake,https://www.rappler.com/moveph/ways-help-affected-communities-cebu-earthquake-september-2025/,rappler.com/moveph/ways-help-affected-communities-cebu-earthquake-september-2025,how to help those affected by magnitude 6 9 cebu earthquake,rappler.com,20251001,gdelt,False,False
E005,Why the Philippine Earthquake Was So Deadly,https://time.com/7322543/philippines-earthquake-cebu-why-so-deadly-night-manila-big-one/,time.com/7322543/philippines-earthquake-cebu-why-so-deadly-night-manila-big-one,why the philippine earthquake was so deadly,time.com,20251002,gdelt,False,False
E005,"Asean News Headlines at 10pm on Thursday ( Oct 2 , 2025 ) ",https://www.thestar.com.my/aseanplus/aseanplus-news/2025/10/03/asean-news-headlines-at-10pm-on-thursday-oct-2-2025,thestar.com.my/aseanplus/aseanplus-news/2025/10/03/asean-news-headlines-at-10pm-on-thursday-oct-2-2025,asean news headlines at 10pm on thursday oct 2 2025,thestar.com.my,20251002,gdelt,False,False
E005,"Firefighter , coast guard personnel killed during Cebu quake",https://www.philstar.com/headlines/2025/10/01/2476745/firefighter-coast-guard-personnel-killed-during-cebu-quake,philstar.com/headlines/2025/10/01/2476745/firefighter-coast-guard-personnel-killed-during-cebu-quake,firefighter coast guard personnel killed during cebu quake,philstar.com,20251001,gdelt,False,False
E005,比セブ沖地震の死者７２人に 複数自治体で不明者の捜索終了 ： 中日新聞Web,https://www.chunichi.co.jp:443/article/1142167,chunichi.co.jp:443/article/1142167,比セブ沖地震の死者７２人に 複数自治体で不明者の捜索終了 中日新聞web,chunichi.co.jp,20251002,gdelt,False,False
E005,Philippines earthquake : Scared survivors sleep in fields as death toll rises,https://www.bbc.com/news/articles/c80g9ng3ed4o,bbc.com/news/articles/c80g9ng3ed4o,philippines earthquake scared survivors sleep in fields as death toll rises,bbc.com,20251003,gdelt,False,False
E005,Philippines hit by at least 6 aftershocks after deadly 6 . 9 earthquake,https://www.newsweek.com/philippines-hit-by-at-least-6-aftershocks-after-deadly-6-9-earthquake-10811534,newsweek.com/philippines-hit-by-at-least-6-aftershocks-after-deadly-6-9-earthquake-10811534,philippines hit by at least 6 aftershocks after deadly 6 9 earthquake,newsweek.com,20251001,gdelt,False,False
E005,"Cebu Capitol Fights  Traffic Disaster  with New Aid Hubs , ",https://www.sunstar.com.ph/cebu/capitol-centralizes-quake-aid-delivery,sunstar.com.ph/cebu/capitol-centralizes-quake-aid-delivery,cebu capitol fights traffic disaster with new aid hubs,sunstar.com.ph,20251005,gdelt,False,False
E005,Meghan father insists he  safe  following claims he is  trapped and unable to walk  after Philippines earthquake,https://www.lbc.co.uk/article/meghans-father-insists-safe-philippine-earthquake-5HjdDqX_2/,lbc.co.uk/article/meghans-father-insists-safe-philippine-earthquake-5hjddqx_2,meghan father insists he safe following claims he is trapped and unable to walk after philippines earthquake,lbc.co.uk,20251002,gdelt,False,False
E005,Cebu earthquake : Tragedy at 9 : 59 pm,https://www.rappler.com/philippines/visayas/tragedy-malinao-family-bogo-city-earthquake/,rappler.com/philippines/visayas/tragedy-malinao-family-bogo-city-earthquake,cebu earthquake tragedy at 9 59 pm,rappler.com,20251004,gdelt,False,False
E005,"Crisis in Cebu : No water , electricity , shelter",https://www.philstar.com/headlines/2025/10/04/2477394/crisis-cebu-no-water-electricity-shelter,philstar.com/headlines/2025/10/04/2477394/crisis-cebu-no-water-electricity-shelter,crisis in cebu no water electricity shelter,philstar.com,20251003,gdelt,False,False
